{"p_flow_id":"105","p_flow_step_id":"600","p_instance":"455106137113","p_page_submission_id":"108622234612543201158538956926227912273","p_request":"","p_reload_on_submit":"S","pSalt":"108622234612543201158538956926227912273","P0_IP":"","P0_G_IP":"103.29.180.82","P0_CURR_URL":"CDMS","P600_NATIONALID":"","P600_ERROR_MESSAGE":"pb6lQnACbVZ7i2Hk6FFCxQFkK0g","P600_DOB":"","P600_PATH":"","P600_FIRSTLINEADDRESS":"","P600_NEW_3":"-jP2tt5JAvxVhWR3GThCs470ZaQ","P600_NEW_2":"kotK-D9dKywzqJrB5ePWRlQ1QmY","pPageItemsRowVersion":"","pPageItemsProtected":"eh2Atre8-YtVyBdnaUqw2HfcZCN1iJNf92Ug2UNW73Yy12XZOmS0wQwC45DX7gIr","cookie":"ORA_WWV_APP_105=ORA_WWV-RZEzJLD2k3taSoSBE2maPAp1"}