{"p_flow_id":"105","p_flow_step_id":"600","p_instance":"2217614764880","p_page_submission_id":"52433380611244681125205275341805560691","p_request":"","p_reload_on_submit":"S","pSalt":"52433380611244681125205275341805560691","P0_IP":"","P0_G_IP":"103.98.77.12","P0_CURR_URL":"CDMS","P600_NATIONALID":"","P600_ERROR_MESSAGE":"NtXpz0JBEXgtwYhIxbVuL0mKxJg","P600_DOB":"","P600_PATH":"","P600_FIRSTLINEADDRESS":"","P600_NEW_3":"t52vl50VTAKCE-DoW64jhKmikzM","P600_NEW_2":"-bvGGGB2ix2bLIrv4r5RHHjTB4s","pPageItemsRowVersion":"","pPageItemsProtected":"jr-X2DDhAoPavAFAU58Neq0GMw_vDIuywbRVmCWWi7gLl695jDb3WkCyo81RshiV","cookie":"ORA_WWV_APP_105=ORA_WWV-lIu8whn7wVWO5bxaQwVPuT6t"}